gpcBrickCode,category
10000043,SUGARS_AND_SWEETENERS
10000044,SUGARS_AND_SWEETENERS
10000603,SUGARS_AND_SWEETENERS
10000114,BEVERAGES
10000115,BEVERAGES
10000116,BEVERAGES
10000117,BEVERAGES
10000118,BEVERAGES
10000119,BEVERAGES
10000142,BEVERAGES
10000143,BEVERAGES
10000144,BEVERAGES
10000159,BEVERAGES
10000178,BEVERAGES
10000179,BEVERAGES
10000181,BEVERAGES
10000191,BEVERAGES
10000192,BEVERAGES
10000201,BEVERAGES
10000202,BEVERAGES
10000210,BEVERAGES
10000214,BEVERAGES
10000219,BEVERAGES
10000220,BEVERAGES
10000222,BEVERAGES
10000223,BEVERAGES
10000227,BEVERAGES
10000232,BEVERAGES
10000263,BEVERAGES
10000264,BEVERAGES
10000265,BEVERAGES
10000266,BEVERAGES
10000273,BEVERAGES
10000275,BEVERAGES
10000276,BEVERAGES
10000308,BEVERAGES
10000309,BEVERAGES
10000310,BEVERAGES
10000311,BEVERAGES
10000313,BEVERAGES
10000588,BEVERAGES
10000589,BEVERAGES
10000591,BEVERAGES
10000592,BEVERAGES
10000593,BEVERAGES
10000594,BEVERAGES
10000623,BEVERAGES
10003689,BEVERAGES
10006251,BEVERAGES
10006252,BEVERAGES
10006254,BEVERAGES
10006255,BEVERAGES
10006256,BEVERAGES
10006257,BEVERAGES
10006311,BEVERAGES
10006312,BEVERAGES
10006327,BEVERAGES
10006972,BEVERAGES
10006973,BEVERAGES
10006974,BEVERAGES
10008029,BEVERAGES
10008030,BEVERAGES
10008031,BEVERAGES
10008032,BEVERAGES
10008033,BEVERAGES
10008034,BEVERAGES
10008035,BEVERAGES
10008042,BEVERAGES
10008178,BEVERAGES
10008179,BEVERAGES
10008180,BEVERAGES
10008181,BEVERAGES
10008182,BEVERAGES
10008183,BEVERAGES
10008184,BEVERAGES
10008185,BEVERAGES
10008186,BEVERAGES
10008187,BEVERAGES
10008410,BEVERAGES
10008495,BEVERAGES
10000160,BISCUITS_AND_SNACKS
10000161,BISCUITS_AND_SNACKS
10000166,BISCUITS_AND_SNACKS
10000177,BISCUITS_AND_SNACKS
10000252,BISCUITS_AND_SNACKS
10000287,BISCUITS_AND_SNACKS
10000596,BISCUITS_AND_SNACKS
10000612,BISCUITS_AND_SNACKS
10005822,BISCUITS_AND_SNACKS
10006746,BISCUITS_AND_SNACKS
10006747,BISCUITS_AND_SNACKS
10007276,BISCUITS_AND_SNACKS
10008059,BISCUITS_AND_SNACKS
10000016,MEAT_POULTRY_AND_FISH
10000019,MEAT_POULTRY_AND_FISH
10000021,MEAT_POULTRY_AND_FISH
10000137,MEAT_POULTRY_AND_FISH
10000139,MEAT_POULTRY_AND_FISH
10000146,MEAT_POULTRY_AND_FISH
10000149,MEAT_POULTRY_AND_FISH
10000150,MEAT_POULTRY_AND_FISH
10000152,MEAT_POULTRY_AND_FISH
10000257,MEAT_POULTRY_AND_FISH
10000282,MEAT_POULTRY_AND_FISH
10000283,MEAT_POULTRY_AND_FISH
10000614,MEAT_POULTRY_AND_FISH
10000627,MEAT_POULTRY_AND_FISH
10000628,MEAT_POULTRY_AND_FISH
10000630,MEAT_POULTRY_AND_FISH
10000631,MEAT_POULTRY_AND_FISH
10005767,MEAT_POULTRY_AND_FISH
10005768,MEAT_POULTRY_AND_FISH
10005769,MEAT_POULTRY_AND_FISH
10005770,MEAT_POULTRY_AND_FISH
10005771,MEAT_POULTRY_AND_FISH
10005772,MEAT_POULTRY_AND_FISH
10005773,MEAT_POULTRY_AND_FISH
10005774,MEAT_POULTRY_AND_FISH
10005776,MEAT_POULTRY_AND_FISH
10005777,MEAT_POULTRY_AND_FISH
10005778,MEAT_POULTRY_AND_FISH
10005779,MEAT_POULTRY_AND_FISH
10005780,MEAT_POULTRY_AND_FISH
10005781,MEAT_POULTRY_AND_FISH
10005782,MEAT_POULTRY_AND_FISH
10005783,MEAT_POULTRY_AND_FISH
10005784,MEAT_POULTRY_AND_FISH
10005785,MEAT_POULTRY_AND_FISH
10005786,MEAT_POULTRY_AND_FISH
10005787,MEAT_POULTRY_AND_FISH
10005788,MEAT_POULTRY_AND_FISH
10005789,MEAT_POULTRY_AND_FISH
10005790,MEAT_POULTRY_AND_FISH
10005791,MEAT_POULTRY_AND_FISH
10005792,MEAT_POULTRY_AND_FISH
10005793,MEAT_POULTRY_AND_FISH
10005795,MEAT_POULTRY_AND_FISH
10005796,MEAT_POULTRY_AND_FISH
10005797,MEAT_POULTRY_AND_FISH
10005798,MEAT_POULTRY_AND_FISH
10005799,MEAT_POULTRY_AND_FISH
10005800,MEAT_POULTRY_AND_FISH
10005801,MEAT_POULTRY_AND_FISH
10005802,MEAT_POULTRY_AND_FISH
10005803,MEAT_POULTRY_AND_FISH
10005804,MEAT_POULTRY_AND_FISH
10005824,MEAT_POULTRY_AND_FISH
10005825,MEAT_POULTRY_AND_FISH
10005832,MEAT_POULTRY_AND_FISH
10005833,MEAT_POULTRY_AND_FISH
10005834,MEAT_POULTRY_AND_FISH
10005835,MEAT_POULTRY_AND_FISH
10005836,MEAT_POULTRY_AND_FISH
10005837,MEAT_POULTRY_AND_FISH
10005838,MEAT_POULTRY_AND_FISH
10005840,MEAT_POULTRY_AND_FISH
10006230,MEAT_POULTRY_AND_FISH
10006278,MEAT_POULTRY_AND_FISH
10006279,MEAT_POULTRY_AND_FISH
10006280,MEAT_POULTRY_AND_FISH
10006281,MEAT_POULTRY_AND_FISH
10006282,MEAT_POULTRY_AND_FISH
10006283,MEAT_POULTRY_AND_FISH
10006284,MEAT_POULTRY_AND_FISH
10006285,MEAT_POULTRY_AND_FISH
10006286,MEAT_POULTRY_AND_FISH
10006287,MEAT_POULTRY_AND_FISH
10006288,MEAT_POULTRY_AND_FISH
10006289,MEAT_POULTRY_AND_FISH
10006290,MEAT_POULTRY_AND_FISH
10006291,MEAT_POULTRY_AND_FISH
10006292,MEAT_POULTRY_AND_FISH
10006293,MEAT_POULTRY_AND_FISH
10006294,MEAT_POULTRY_AND_FISH
10006295,MEAT_POULTRY_AND_FISH
10006296,MEAT_POULTRY_AND_FISH
10006297,MEAT_POULTRY_AND_FISH
10006298,MEAT_POULTRY_AND_FISH
10006299,MEAT_POULTRY_AND_FISH
10006300,MEAT_POULTRY_AND_FISH
10006301,MEAT_POULTRY_AND_FISH
10006302,MEAT_POULTRY_AND_FISH
10006303,MEAT_POULTRY_AND_FISH
10006304,MEAT_POULTRY_AND_FISH
10006305,MEAT_POULTRY_AND_FISH
10006306,MEAT_POULTRY_AND_FISH
10006307,MEAT_POULTRY_AND_FISH
10006308,MEAT_POULTRY_AND_FISH
10006309,MEAT_POULTRY_AND_FISH
10006393,MEAT_POULTRY_AND_FISH
10006394,MEAT_POULTRY_AND_FISH
10008107,MEAT_POULTRY_AND_FISH
10008108,MEAT_POULTRY_AND_FISH
10008245,MEAT_POULTRY_AND_FISH
10008246,MEAT_POULTRY_AND_FISH
10008249,MEAT_POULTRY_AND_FISH
10008250,MEAT_POULTRY_AND_FISH
10008251,MEAT_POULTRY_AND_FISH
10008252,MEAT_POULTRY_AND_FISH
10008253,MEAT_POULTRY_AND_FISH
10008256,MEAT_POULTRY_AND_FISH
10008257,MEAT_POULTRY_AND_FISH
10008258,MEAT_POULTRY_AND_FISH
10008319,MEAT_POULTRY_AND_FISH
10008320,MEAT_POULTRY_AND_FISH
10008321,MEAT_POULTRY_AND_FISH
10008322,MEAT_POULTRY_AND_FISH
10008323,MEAT_POULTRY_AND_FISH
10008324,MEAT_POULTRY_AND_FISH
10008325,MEAT_POULTRY_AND_FISH
10008326,MEAT_POULTRY_AND_FISH
10008327,MEAT_POULTRY_AND_FISH
10008328,MEAT_POULTRY_AND_FISH
10008329,MEAT_POULTRY_AND_FISH
10008330,MEAT_POULTRY_AND_FISH
10008331,MEAT_POULTRY_AND_FISH
10008332,MEAT_POULTRY_AND_FISH
10008333,MEAT_POULTRY_AND_FISH
10008334,MEAT_POULTRY_AND_FISH
10008335,MEAT_POULTRY_AND_FISH
10008336,MEAT_POULTRY_AND_FISH
10008337,MEAT_POULTRY_AND_FISH
10008338,MEAT_POULTRY_AND_FISH
10000007,CEREALS_AND_GRAINS
10000008,CEREALS_AND_GRAINS
10000207,CEREALS_AND_GRAINS
10000211,CEREALS_AND_GRAINS
10000235,CEREALS_AND_GRAINS
10000236,CEREALS_AND_GRAINS
10000284,CEREALS_AND_GRAINS
10000285,CEREALS_AND_GRAINS
10000286,CEREALS_AND_GRAINS
10000315,CEREALS_AND_GRAINS
10000316,CEREALS_AND_GRAINS
10000319,CEREALS_AND_GRAINS
10000600,CEREALS_AND_GRAINS
10000601,CEREALS_AND_GRAINS
10000604,CEREALS_AND_GRAINS
10000002,FROZEN
10000005,FROZEN
10000017,FROZEN
10000020,FROZEN
10000027,FROZEN
10000030,FROZEN
10000056,FROZEN
10000138,FROZEN
10000145,FROZEN
10000148,FROZEN
10000151,FROZEN
10000155,FROZEN
10000157,FROZEN
10000163,FROZEN
10000167,FROZEN
10000170,FROZEN
10000188,FROZEN
10000193,FROZEN
10000196,FROZEN
10000204,FROZEN
10000212,FROZEN
10000215,FROZEN
10000245,FROZEN
10000248,FROZEN
10000254,FROZEN
10000256,FROZEN
10000260,FROZEN
10000270,FROZEN
10000277,FROZEN
10000281,FROZEN
10000291,FROZEN
10000296,FROZEN
10000301,FROZEN
10000304,FROZEN
10000305,FROZEN
10000307,FROZEN
10000314,FROZEN
10000318,FROZEN
10000576,FROZEN
10000577,FROZEN
10000580,FROZEN
10000583,FROZEN
10000586,FROZEN
10000626,FROZEN
10000629,FROZEN
10005224,FROZEN
10005823,FROZEN
10005827,FROZEN
10006250,FROZEN
10006253,FROZEN
10006273,FROZEN
10006314,FROZEN
10006317,FROZEN
10006320,FROZEN
10006323,FROZEN
10006748,FROZEN
10006969,FROZEN
10006975,FROZEN
10006978,FROZEN
10006983,FROZEN
10006985,FROZEN
10006988,FROZEN
10006995,FROZEN
10008244,FROZEN
10008247,FROZEN
10008248,FROZEN
10008254,FROZEN
10008255,FROZEN
10000003,PRESERVES_AND_CANNED_GOODS
10000006,PRESERVES_AND_CANNED_GOODS
10000018,PRESERVES_AND_CANNED_GOODS
10000147,PRESERVES_AND_CANNED_GOODS
10000153,PRESERVES_AND_CANNED_GOODS
10000180,PRESERVES_AND_CANNED_GOODS
10000206,PRESERVES_AND_CANNED_GOODS
10000238,PRESERVES_AND_CANNED_GOODS
10000239,PRESERVES_AND_CANNED_GOODS
10000244,PRESERVES_AND_CANNED_GOODS
10000258,PRESERVES_AND_CANNED_GOODS
10000272,PRESERVES_AND_CANNED_GOODS
10000587,PRESERVES_AND_CANNED_GOODS
10000616,PRESERVES_AND_CANNED_GOODS
10000045,SWEETS_AND_DESSERTS
10000047,SWEETS_AND_DESSERTS
10000187,SWEETS_AND_DESSERTS
10000194,SWEETS_AND_DESSERTS
10000195,SWEETS_AND_DESSERTS
10000197,SWEETS_AND_DESSERTS
10000213,SWEETS_AND_DESSERTS
10000216,SWEETS_AND_DESSERTS
10000217,SWEETS_AND_DESSERTS
10000312,SWEETS_AND_DESSERTS
10000602,SWEETS_AND_DESSERTS
10000611,SWEETS_AND_DESSERTS
10000621,SWEETS_AND_DESSERTS
10000622,SWEETS_AND_DESSERTS
10006390,SWEETS_AND_DESSERTS
10006837,SWEETS_AND_DESSERTS
10006848,SWEETS_AND_DESSERTS
10008458,SWEETS_AND_DESSERTS
10000068,FLOURS_YEAST_AND_MIXES
10000069,FLOURS_YEAST_AND_MIXES
10000156,FLOURS_YEAST_AND_MIXES
10000158,FLOURS_YEAST_AND_MIXES
10000203,FLOURS_YEAST_AND_MIXES
10000595,FLOURS_YEAST_AND_MIXES
10000599,FLOURS_YEAST_AND_MIXES
10000205,FRUITS_AND_VEGETABLES
10000271,FRUITS_AND_VEGETABLES
10000605,FRUITS_AND_VEGETABLES
10005876,FRUITS_AND_VEGETABLES
10005877,FRUITS_AND_VEGETABLES
10005878,FRUITS_AND_VEGETABLES
10005879,FRUITS_AND_VEGETABLES
10005880,FRUITS_AND_VEGETABLES
10005881,FRUITS_AND_VEGETABLES
10005882,FRUITS_AND_VEGETABLES
10005883,FRUITS_AND_VEGETABLES
10005884,FRUITS_AND_VEGETABLES
10005885,FRUITS_AND_VEGETABLES
10005886,FRUITS_AND_VEGETABLES
10005887,FRUITS_AND_VEGETABLES
10005888,FRUITS_AND_VEGETABLES
10005889,FRUITS_AND_VEGETABLES
10005895,FRUITS_AND_VEGETABLES
10005896,FRUITS_AND_VEGETABLES
10005897,FRUITS_AND_VEGETABLES
10005898,FRUITS_AND_VEGETABLES
10005899,FRUITS_AND_VEGETABLES
10005900,FRUITS_AND_VEGETABLES
10005901,FRUITS_AND_VEGETABLES
10005902,FRUITS_AND_VEGETABLES
10005903,FRUITS_AND_VEGETABLES
10005905,FRUITS_AND_VEGETABLES
10005907,FRUITS_AND_VEGETABLES
10005908,FRUITS_AND_VEGETABLES
10005909,FRUITS_AND_VEGETABLES
10005910,FRUITS_AND_VEGETABLES
10005911,FRUITS_AND_VEGETABLES
10005912,FRUITS_AND_VEGETABLES
10005913,FRUITS_AND_VEGETABLES
10005914,FRUITS_AND_VEGETABLES
10005915,FRUITS_AND_VEGETABLES
10005916,FRUITS_AND_VEGETABLES
10005917,FRUITS_AND_VEGETABLES
10005918,FRUITS_AND_VEGETABLES
10005921,FRUITS_AND_VEGETABLES
10005922,FRUITS_AND_VEGETABLES
10005923,FRUITS_AND_VEGETABLES
10005924,FRUITS_AND_VEGETABLES
10005925,FRUITS_AND_VEGETABLES
10005927,FRUITS_AND_VEGETABLES
10005928,FRUITS_AND_VEGETABLES
10005929,FRUITS_AND_VEGETABLES
10005930,FRUITS_AND_VEGETABLES
10005932,FRUITS_AND_VEGETABLES
10005934,FRUITS_AND_VEGETABLES
10005935,FRUITS_AND_VEGETABLES
10005937,FRUITS_AND_VEGETABLES
10005938,FRUITS_AND_VEGETABLES
10005939,FRUITS_AND_VEGETABLES
10005940,FRUITS_AND_VEGETABLES
10005941,FRUITS_AND_VEGETABLES
10005942,FRUITS_AND_VEGETABLES
10005946,FRUITS_AND_VEGETABLES
10005948,FRUITS_AND_VEGETABLES
10005949,FRUITS_AND_VEGETABLES
10005950,FRUITS_AND_VEGETABLES
10005951,FRUITS_AND_VEGETABLES
10005952,FRUITS_AND_VEGETABLES
10005953,FRUITS_AND_VEGETABLES
10005954,FRUITS_AND_VEGETABLES
10005955,FRUITS_AND_VEGETABLES
10005956,FRUITS_AND_VEGETABLES
10005957,FRUITS_AND_VEGETABLES
10005959,FRUITS_AND_VEGETABLES
10005960,FRUITS_AND_VEGETABLES
10005961,FRUITS_AND_VEGETABLES
10005963,FRUITS_AND_VEGETABLES
10005964,FRUITS_AND_VEGETABLES
10005965,FRUITS_AND_VEGETABLES
10005966,FRUITS_AND_VEGETABLES
10005967,FRUITS_AND_VEGETABLES
10005968,FRUITS_AND_VEGETABLES
10005969,FRUITS_AND_VEGETABLES
10005970,FRUITS_AND_VEGETABLES
10005971,FRUITS_AND_VEGETABLES
10005972,FRUITS_AND_VEGETABLES
10005973,FRUITS_AND_VEGETABLES
10005974,FRUITS_AND_VEGETABLES
10005976,FRUITS_AND_VEGETABLES
10005979,FRUITS_AND_VEGETABLES
10005980,FRUITS_AND_VEGETABLES
10005981,FRUITS_AND_VEGETABLES
10005982,FRUITS_AND_VEGETABLES
10005984,FRUITS_AND_VEGETABLES
10005985,FRUITS_AND_VEGETABLES
10005986,FRUITS_AND_VEGETABLES
10005987,FRUITS_AND_VEGETABLES
10005988,FRUITS_AND_VEGETABLES
10005996,FRUITS_AND_VEGETABLES
10005997,FRUITS_AND_VEGETABLES
10005999,FRUITS_AND_VEGETABLES
10006000,FRUITS_AND_VEGETABLES
10006003,FRUITS_AND_VEGETABLES
10006004,FRUITS_AND_VEGETABLES
10006005,FRUITS_AND_VEGETABLES
10006006,FRUITS_AND_VEGETABLES
10006007,FRUITS_AND_VEGETABLES
10006009,FRUITS_AND_VEGETABLES
10006014,FRUITS_AND_VEGETABLES
10006015,FRUITS_AND_VEGETABLES
10006031,FRUITS_AND_VEGETABLES
10006032,FRUITS_AND_VEGETABLES
10006033,FRUITS_AND_VEGETABLES
10006034,FRUITS_AND_VEGETABLES
10006035,FRUITS_AND_VEGETABLES
10006036,FRUITS_AND_VEGETABLES
10006037,FRUITS_AND_VEGETABLES
10006038,FRUITS_AND_VEGETABLES
10006040,FRUITS_AND_VEGETABLES
10006041,FRUITS_AND_VEGETABLES
10006044,FRUITS_AND_VEGETABLES
10006045,FRUITS_AND_VEGETABLES
10006046,FRUITS_AND_VEGETABLES
10006047,FRUITS_AND_VEGETABLES
10006048,FRUITS_AND_VEGETABLES
10006049,FRUITS_AND_VEGETABLES
10006050,FRUITS_AND_VEGETABLES
10006051,FRUITS_AND_VEGETABLES
10006052,FRUITS_AND_VEGETABLES
10006053,FRUITS_AND_VEGETABLES
10006054,FRUITS_AND_VEGETABLES
10006055,FRUITS_AND_VEGETABLES
10006056,FRUITS_AND_VEGETABLES
10006057,FRUITS_AND_VEGETABLES
10006058,FRUITS_AND_VEGETABLES
10006059,FRUITS_AND_VEGETABLES
10006060,FRUITS_AND_VEGETABLES
10006061,FRUITS_AND_VEGETABLES
10006063,FRUITS_AND_VEGETABLES
10006065,FRUITS_AND_VEGETABLES
10006066,FRUITS_AND_VEGETABLES
10006071,FRUITS_AND_VEGETABLES
10006072,FRUITS_AND_VEGETABLES
10006074,FRUITS_AND_VEGETABLES
10006075,FRUITS_AND_VEGETABLES
10006076,FRUITS_AND_VEGETABLES
10006077,FRUITS_AND_VEGETABLES
10006078,FRUITS_AND_VEGETABLES
10006079,FRUITS_AND_VEGETABLES
10006085,FRUITS_AND_VEGETABLES
10006086,FRUITS_AND_VEGETABLES
10006088,FRUITS_AND_VEGETABLES
10006089,FRUITS_AND_VEGETABLES
10006090,FRUITS_AND_VEGETABLES
10006091,FRUITS_AND_VEGETABLES
10006092,FRUITS_AND_VEGETABLES
10006093,FRUITS_AND_VEGETABLES
10006094,FRUITS_AND_VEGETABLES
10006095,FRUITS_AND_VEGETABLES
10006097,FRUITS_AND_VEGETABLES
10006100,FRUITS_AND_VEGETABLES
10006102,FRUITS_AND_VEGETABLES
10006104,FRUITS_AND_VEGETABLES
10006107,FRUITS_AND_VEGETABLES
10006108,FRUITS_AND_VEGETABLES
10006109,FRUITS_AND_VEGETABLES
10006110,FRUITS_AND_VEGETABLES
10006111,FRUITS_AND_VEGETABLES
10006112,FRUITS_AND_VEGETABLES
10006113,FRUITS_AND_VEGETABLES
10006114,FRUITS_AND_VEGETABLES
10006115,FRUITS_AND_VEGETABLES
10006116,FRUITS_AND_VEGETABLES
10006117,FRUITS_AND_VEGETABLES
10006118,FRUITS_AND_VEGETABLES
10006119,FRUITS_AND_VEGETABLES
10006120,FRUITS_AND_VEGETABLES
10006121,FRUITS_AND_VEGETABLES
10006122,FRUITS_AND_VEGETABLES
10006123,FRUITS_AND_VEGETABLES
10006124,FRUITS_AND_VEGETABLES
10006125,FRUITS_AND_VEGETABLES
10006126,FRUITS_AND_VEGETABLES
10006127,FRUITS_AND_VEGETABLES
10006128,FRUITS_AND_VEGETABLES
10006129,FRUITS_AND_VEGETABLES
10006130,FRUITS_AND_VEGETABLES
10006131,FRUITS_AND_VEGETABLES
10006133,FRUITS_AND_VEGETABLES
10006134,FRUITS_AND_VEGETABLES
10006135,FRUITS_AND_VEGETABLES
10006136,FRUITS_AND_VEGETABLES
10006137,FRUITS_AND_VEGETABLES
10006143,FRUITS_AND_VEGETABLES
10006144,FRUITS_AND_VEGETABLES
10006145,FRUITS_AND_VEGETABLES
10006146,FRUITS_AND_VEGETABLES
10006147,FRUITS_AND_VEGETABLES
10006148,FRUITS_AND_VEGETABLES
10006155,FRUITS_AND_VEGETABLES
10006157,FRUITS_AND_VEGETABLES
10006158,FRUITS_AND_VEGETABLES
10006159,FRUITS_AND_VEGETABLES
10006160,FRUITS_AND_VEGETABLES
10006161,FRUITS_AND_VEGETABLES
10006162,FRUITS_AND_VEGETABLES
10006163,FRUITS_AND_VEGETABLES
10006164,FRUITS_AND_VEGETABLES
10006165,FRUITS_AND_VEGETABLES
10006166,FRUITS_AND_VEGETABLES
10006167,FRUITS_AND_VEGETABLES
10006168,FRUITS_AND_VEGETABLES
10006169,FRUITS_AND_VEGETABLES
10006171,FRUITS_AND_VEGETABLES
10006172,FRUITS_AND_VEGETABLES
10006173,FRUITS_AND_VEGETABLES
10006190,FRUITS_AND_VEGETABLES
10006191,FRUITS_AND_VEGETABLES
10006192,FRUITS_AND_VEGETABLES
10006193,FRUITS_AND_VEGETABLES
10006194,FRUITS_AND_VEGETABLES
10006195,FRUITS_AND_VEGETABLES
10006196,FRUITS_AND_VEGETABLES
10006197,FRUITS_AND_VEGETABLES
10006198,FRUITS_AND_VEGETABLES
10006199,FRUITS_AND_VEGETABLES
10006200,FRUITS_AND_VEGETABLES
10006259,FRUITS_AND_VEGETABLES
10006260,FRUITS_AND_VEGETABLES
10006261,FRUITS_AND_VEGETABLES
10006262,FRUITS_AND_VEGETABLES
10006263,FRUITS_AND_VEGETABLES
10006264,FRUITS_AND_VEGETABLES
10006265,FRUITS_AND_VEGETABLES
10006266,FRUITS_AND_VEGETABLES
10006267,FRUITS_AND_VEGETABLES
10006268,FRUITS_AND_VEGETABLES
10006269,FRUITS_AND_VEGETABLES
10006270,FRUITS_AND_VEGETABLES
10006271,FRUITS_AND_VEGETABLES
10006272,FRUITS_AND_VEGETABLES
10006334,FRUITS_AND_VEGETABLES
10006335,FRUITS_AND_VEGETABLES
10006336,FRUITS_AND_VEGETABLES
10006337,FRUITS_AND_VEGETABLES
10006338,FRUITS_AND_VEGETABLES
10006339,FRUITS_AND_VEGETABLES
10006340,FRUITS_AND_VEGETABLES
10006341,FRUITS_AND_VEGETABLES
10006342,FRUITS_AND_VEGETABLES
10006343,FRUITS_AND_VEGETABLES
10006344,FRUITS_AND_VEGETABLES
10006345,FRUITS_AND_VEGETABLES
10006346,FRUITS_AND_VEGETABLES
10006347,FRUITS_AND_VEGETABLES
10006348,FRUITS_AND_VEGETABLES
10006349,FRUITS_AND_VEGETABLES
10006350,FRUITS_AND_VEGETABLES
10006351,FRUITS_AND_VEGETABLES
10006352,FRUITS_AND_VEGETABLES
10006353,FRUITS_AND_VEGETABLES
10006354,FRUITS_AND_VEGETABLES
10006355,FRUITS_AND_VEGETABLES
10006356,FRUITS_AND_VEGETABLES
10006357,FRUITS_AND_VEGETABLES
10006358,FRUITS_AND_VEGETABLES
10006359,FRUITS_AND_VEGETABLES
10006360,FRUITS_AND_VEGETABLES
10006361,FRUITS_AND_VEGETABLES
10006362,FRUITS_AND_VEGETABLES
10006363,FRUITS_AND_VEGETABLES
10006364,FRUITS_AND_VEGETABLES
10006365,FRUITS_AND_VEGETABLES
10006366,FRUITS_AND_VEGETABLES
10006367,FRUITS_AND_VEGETABLES
10006368,FRUITS_AND_VEGETABLES
10006369,FRUITS_AND_VEGETABLES
10006370,FRUITS_AND_VEGETABLES
10006371,FRUITS_AND_VEGETABLES
10006372,FRUITS_AND_VEGETABLES
10006414,FRUITS_AND_VEGETABLES
10006415,FRUITS_AND_VEGETABLES
10006416,FRUITS_AND_VEGETABLES
10006417,FRUITS_AND_VEGETABLES
10006418,FRUITS_AND_VEGETABLES
10006419,FRUITS_AND_VEGETABLES
10006420,FRUITS_AND_VEGETABLES
10006421,FRUITS_AND_VEGETABLES
10006422,FRUITS_AND_VEGETABLES
10006423,FRUITS_AND_VEGETABLES
10006424,FRUITS_AND_VEGETABLES
10006425,FRUITS_AND_VEGETABLES
10006426,FRUITS_AND_VEGETABLES
10006427,FRUITS_AND_VEGETABLES
10006428,FRUITS_AND_VEGETABLES
10006429,FRUITS_AND_VEGETABLES
10006430,FRUITS_AND_VEGETABLES
10006431,FRUITS_AND_VEGETABLES
10006432,FRUITS_AND_VEGETABLES
10006433,FRUITS_AND_VEGETABLES
10006434,FRUITS_AND_VEGETABLES
10006435,FRUITS_AND_VEGETABLES
10006436,FRUITS_AND_VEGETABLES
10006437,FRUITS_AND_VEGETABLES
10006438,FRUITS_AND_VEGETABLES
10006439,FRUITS_AND_VEGETABLES
10006440,FRUITS_AND_VEGETABLES
10006441,FRUITS_AND_VEGETABLES
10006442,FRUITS_AND_VEGETABLES
10006443,FRUITS_AND_VEGETABLES
10006444,FRUITS_AND_VEGETABLES
10006445,FRUITS_AND_VEGETABLES
10006446,FRUITS_AND_VEGETABLES
10006447,FRUITS_AND_VEGETABLES
10006449,FRUITS_AND_VEGETABLES
10006450,FRUITS_AND_VEGETABLES
10006451,FRUITS_AND_VEGETABLES
10006452,FRUITS_AND_VEGETABLES
10006453,FRUITS_AND_VEGETABLES
10006454,FRUITS_AND_VEGETABLES
10006455,FRUITS_AND_VEGETABLES
10006456,FRUITS_AND_VEGETABLES
10006457,FRUITS_AND_VEGETABLES
10006458,FRUITS_AND_VEGETABLES
10006459,FRUITS_AND_VEGETABLES
10006460,FRUITS_AND_VEGETABLES
10006461,FRUITS_AND_VEGETABLES
10006759,FRUITS_AND_VEGETABLES
10006760,FRUITS_AND_VEGETABLES
10006761,FRUITS_AND_VEGETABLES
10006823,FRUITS_AND_VEGETABLES
10006824,FRUITS_AND_VEGETABLES
10006825,FRUITS_AND_VEGETABLES
10006826,FRUITS_AND_VEGETABLES
10006827,FRUITS_AND_VEGETABLES
10006828,FRUITS_AND_VEGETABLES
10006829,FRUITS_AND_VEGETABLES
10006830,FRUITS_AND_VEGETABLES
10006831,FRUITS_AND_VEGETABLES
10006832,FRUITS_AND_VEGETABLES
10006833,FRUITS_AND_VEGETABLES
10006834,FRUITS_AND_VEGETABLES
10006835,FRUITS_AND_VEGETABLES
10006836,FRUITS_AND_VEGETABLES
10006866,FRUITS_AND_VEGETABLES
10006966,FRUITS_AND_VEGETABLES
10006967,FRUITS_AND_VEGETABLES
10006968,FRUITS_AND_VEGETABLES
10008002,FRUITS_AND_VEGETABLES
10008003,FRUITS_AND_VEGETABLES
10008004,FRUITS_AND_VEGETABLES
10008005,FRUITS_AND_VEGETABLES
10008027,FRUITS_AND_VEGETABLES
10008039,FRUITS_AND_VEGETABLES
10008040,FRUITS_AND_VEGETABLES
10008041,FRUITS_AND_VEGETABLES
10008188,FRUITS_AND_VEGETABLES
10008189,FRUITS_AND_VEGETABLES
10008190,FRUITS_AND_VEGETABLES
10008191,FRUITS_AND_VEGETABLES
10008192,FRUITS_AND_VEGETABLES
10008193,FRUITS_AND_VEGETABLES
10008194,FRUITS_AND_VEGETABLES
10008195,FRUITS_AND_VEGETABLES
10008196,FRUITS_AND_VEGETABLES
10008197,FRUITS_AND_VEGETABLES
10008198,FRUITS_AND_VEGETABLES
10008199,FRUITS_AND_VEGETABLES
10008200,FRUITS_AND_VEGETABLES
10008201,FRUITS_AND_VEGETABLES
10008202,FRUITS_AND_VEGETABLES
10008203,FRUITS_AND_VEGETABLES
10008204,FRUITS_AND_VEGETABLES
10008205,FRUITS_AND_VEGETABLES
10008206,FRUITS_AND_VEGETABLES
10008207,FRUITS_AND_VEGETABLES
10008208,FRUITS_AND_VEGETABLES
10008209,FRUITS_AND_VEGETABLES
10008210,FRUITS_AND_VEGETABLES
10008211,FRUITS_AND_VEGETABLES
10008212,FRUITS_AND_VEGETABLES
10008213,FRUITS_AND_VEGETABLES
10008214,FRUITS_AND_VEGETABLES
10008215,FRUITS_AND_VEGETABLES
10008216,FRUITS_AND_VEGETABLES
10008217,FRUITS_AND_VEGETABLES
10008218,FRUITS_AND_VEGETABLES
10008219,FRUITS_AND_VEGETABLES
10008220,FRUITS_AND_VEGETABLES
10008221,FRUITS_AND_VEGETABLES
10008222,FRUITS_AND_VEGETABLES
10008223,FRUITS_AND_VEGETABLES
10008224,FRUITS_AND_VEGETABLES
10008225,FRUITS_AND_VEGETABLES
10008226,FRUITS_AND_VEGETABLES
10008227,FRUITS_AND_VEGETABLES
10008228,FRUITS_AND_VEGETABLES
10008229,FRUITS_AND_VEGETABLES
10008230,FRUITS_AND_VEGETABLES
10008231,FRUITS_AND_VEGETABLES
10008232,FRUITS_AND_VEGETABLES
10008233,FRUITS_AND_VEGETABLES
10008234,FRUITS_AND_VEGETABLES
10008235,FRUITS_AND_VEGETABLES
10008236,FRUITS_AND_VEGETABLES
10008237,FRUITS_AND_VEGETABLES
10008493,FRUITS_AND_VEGETABLES
10000025,DAIRY_AND_EGGS
10000026,DAIRY_AND_EGGS
10000028,DAIRY_AND_EGGS
10000029,DAIRY_AND_EGGS
10000168,DAIRY_AND_EGGS
10000169,DAIRY_AND_EGGS
10000189,DAIRY_AND_EGGS
10000190,DAIRY_AND_EGGS
10000278,DAIRY_AND_EGGS
10000279,DAIRY_AND_EGGS
10000607,DAIRY_AND_EGGS
10006202,DAIRY_AND_EGGS
10006203,DAIRY_AND_EGGS
10006204,DAIRY_AND_EGGS
10006210,DAIRY_AND_EGGS
10006211,DAIRY_AND_EGGS
10006212,DAIRY_AND_EGGS
10006213,DAIRY_AND_EGGS
10006728,DAIRY_AND_EGGS
10006970,DAIRY_AND_EGGS
10006971,DAIRY_AND_EGGS
10006976,DAIRY_AND_EGGS
10006977,DAIRY_AND_EGGS
10006979,DAIRY_AND_EGGS
10006980,DAIRY_AND_EGGS
10006981,DAIRY_AND_EGGS
10006982,DAIRY_AND_EGGS
10006984,DAIRY_AND_EGGS
10006986,DAIRY_AND_EGGS
10006987,DAIRY_AND_EGGS
10006989,DAIRY_AND_EGGS
10006996,DAIRY_AND_EGGS
10006997,DAIRY_AND_EGGS
10000240,PASTA
10000241,PASTA
10000242,PASTA
10000317,PASTA
10006219,PASTA
10000048,SAUCES_CONDIMENTS_AND_SEASONINGS
10000049,SAUCES_CONDIMENTS_AND_SEASONINGS
10000050,SAUCES_CONDIMENTS_AND_SEASONINGS
10000051,SAUCES_CONDIMENTS_AND_SEASONINGS
10000052,SAUCES_CONDIMENTS_AND_SEASONINGS
10000054,SAUCES_CONDIMENTS_AND_SEASONINGS
10000055,SAUCES_CONDIMENTS_AND_SEASONINGS
10000057,SAUCES_CONDIMENTS_AND_SEASONINGS
10000064,SAUCES_CONDIMENTS_AND_SEASONINGS
10000199,SAUCES_CONDIMENTS_AND_SEASONINGS
10000200,SAUCES_CONDIMENTS_AND_SEASONINGS
10000280,SAUCES_CONDIMENTS_AND_SEASONINGS
10000306,SAUCES_CONDIMENTS_AND_SEASONINGS
10000578,SAUCES_CONDIMENTS_AND_SEASONINGS
10000579,SAUCES_CONDIMENTS_AND_SEASONINGS
10000581,SAUCES_CONDIMENTS_AND_SEASONINGS
10000615,SAUCES_CONDIMENTS_AND_SEASONINGS
10000617,SAUCES_CONDIMENTS_AND_SEASONINGS
10000618,SAUCES_CONDIMENTS_AND_SEASONINGS
10000619,SAUCES_CONDIMENTS_AND_SEASONINGS
10006214,SAUCES_CONDIMENTS_AND_SEASONINGS
10006318,SAUCES_CONDIMENTS_AND_SEASONINGS
10006319,SAUCES_CONDIMENTS_AND_SEASONINGS
10006321,SAUCES_CONDIMENTS_AND_SEASONINGS
10006322,SAUCES_CONDIMENTS_AND_SEASONINGS
10006324,SAUCES_CONDIMENTS_AND_SEASONINGS
10006325,SAUCES_CONDIMENTS_AND_SEASONINGS
10008043,SAUCES_CONDIMENTS_AND_SEASONINGS
10008044,SAUCES_CONDIMENTS_AND_SEASONINGS
10008061,SAUCES_CONDIMENTS_AND_SEASONINGS
10000040,OILS_AND_FATS
10000041,OILS_AND_FATS
10000042,OILS_AND_FATS
10000574,OILS_AND_FATS
10000585,OILS_AND_FATS
10000608,OILS_AND_FATS
10000609,OILS_AND_FATS
10006958,OILS_AND_FATS
10006990,OILS_AND_FATS
10006991,OILS_AND_FATS
10000164,BAKERY
10000165,BAKERY
10000171,BAKERY
10000172,BAKERY
10000246,BAKERY
10000247,BAKERY
10000249,BAKERY
10000250,BAKERY
10000597,BAKERY
10000598,BAKERY
10000255,READY_MEALS
10000261,READY_MEALS
10000262,READY_MEALS
10000288,READY_MEALS
10000289,READY_MEALS
10000290,READY_MEALS
10000292,READY_MEALS
10000293,READY_MEALS
10000294,READY_MEALS
10000295,READY_MEALS
10000297,READY_MEALS
10000298,READY_MEALS
10000299,READY_MEALS
10000300,READY_MEALS
10000302,READY_MEALS
10000613,READY_MEALS
10005225,READY_MEALS
10005226,READY_MEALS
10005227,READY_MEALS
10005228,READY_MEALS
10005826,READY_MEALS
10006216,READY_MEALS
10006217,READY_MEALS
10006221,READY_MEALS
10006222,READY_MEALS
10006228,READY_MEALS
10006229,READY_MEALS
10006315,READY_MEALS
10006316,READY_MEALS
10006749,READY_MEALS
10006750,READY_MEALS
10006751,READY_MEALS
10006752,READY_MEALS
10006753,READY_MEALS
10006754,READY_MEALS
10000104,OTHER
10000105,OTHER
10000575,OTHER
10000590,OTHER
10000610,OTHER
10008058,OTHER
10008449,OTHER
10008450,OTHER
10008451,OTHER
